condition,trials,mean_of_mean_rmse,std_of_mean_rmse,mean_final_rmse,avg_runtime_s,total_runtime_s,mean_collision_count,mean_collision_events_analyzed,mean_collision_peak_rmse,mean_collision_peak_delta_rmse,mean_collision_recovery_time_steps,mean_collision_recovery_success_rate,adaptive_noise_alpha,adaptive_noise_beta,adaptive_noise_gamma,adaptive_noise_smoothing_enabled,scenario
noise_a0p2_b0p1_g0,8.0,0.018769559085376385,0.0017561094536155484,0.019829260767437518,0.514069198749894,4.112553589999152,19.875,19.75,0.0873194414348518,0.06941868231471969,10.436595495148126,0.9863970588235295,0.2,0.1,0.0,false,with_collision
noise_a0p1_b0p1_g0,8.0,0.019914257016567717,0.0021884286234907383,0.022560973826330155,0.5035479097500684,4.028383278000547,19.875,19.75,0.09038782903308201,0.07134037107454451,12.698107448107448,0.9801470588235295,0.1,0.1,0.0,false,with_collision
noise_a0p05_b0p1_g0,8.0,0.020433187531871226,0.0020353063768068554,0.02080246980767697,0.4924527510002008,3.9396220080016064,19.875,19.75,0.09220224196132712,0.07231426486248763,14.491274661011504,0.9863970588235295,0.05,0.1,0.0,false,with_collision
noise_a0p02_b0p1_g0,8.0,0.020468154194688393,0.002228108619458403,0.025683322513941675,0.5018038139999135,4.014430511999308,19.875,19.75,0.0926804641459046,0.07305082261615413,14.186874236874237,0.9801470588235295,0.02,0.1,0.0,false,with_collision
noise_a0p2_b0p05_g0,8.0,0.02407245546929562,0.002820836902083965,0.027267338358797133,0.5049042986252061,4.039234389001649,19.875,19.75,0.10371814337367213,0.07993341270610213,18.941092615352485,0.9738970588235294,0.2,0.05,0.0,false,with_collision
noise_a0p2_b0p1_g0p6,8.0,0.021541084827454142,0.002231775691139082,0.025114568590652198,0.5035396064999986,4.028316851999989,19.875,19.75,0.10532861588023507,0.08458887603769705,14.701051205738706,0.9801470588235295,0.2,0.1,0.6,true,with_collision
noise_a0p1_b0p1_g0p6,8.0,0.022557338154476837,0.002249336503720858,0.0248659421922639,0.49789162100000794,3.9831329680000636,19.875,19.75,0.10848502185584123,0.08652139800573774,16.228411172161174,0.9738970588235294,0.1,0.1,0.6,true,with_collision
noise_a0p05_b0p1_g0p6,8.0,0.022824492245978947,0.002744207076445153,0.026108728401595727,0.49109173274996465,3.928733861999717,19.875,19.75,0.10857748560940479,0.08641330267080467,16.45499847374847,0.9801470588235295,0.05,0.1,0.6,true,with_collision
